title_en,title_zh_cn,title_zh_hk,description_en,description_zh_cn,description_zh_hk,price_cents,currency,category_slug,sku,stock,main_image_url
8,,,,,,,HKD,,,,/Archive/Untitled design/8.png
9,,,,,,,HKD,,,,/Archive/Untitled design/9.png
14,,,,,,,HKD,,,,/Archive/Untitled design/14.png
15,,,,,,,HKD,,,,/Archive/Untitled design/15.png
17,,,,,,,HKD,,,,/Archive/Untitled design/17.png
16,,,,,,,HKD,,,,/Archive/Untitled design/16.png
12,,,,,,,HKD,,,,/Archive/Untitled design/12.png
13,,,,,,,HKD,,,,/Archive/Untitled design/13.png
11,,,,,,,HKD,,,,/Archive/Untitled design/11.png
10,,,,,,,HKD,,,,/Archive/Untitled design/10.png
18,,,,,,,HKD,,,,/Archive/Untitled design/18.png
19,,,,,,,HKD,,,,/Archive/Untitled design/19.png
4,,,,,,,HKD,,,,/Archive/Untitled design/4.png
5,,,,,,,HKD,,,,/Archive/Untitled design/5.png
7,,,,,,,HKD,,,,/Archive/Untitled design/7.png
6,,,,,,,HKD,,,,/Archive/Untitled design/6.png
2,,,,,,,HKD,,,,/Archive/Untitled design/2.png
3,,,,,,,HKD,,,,/Archive/Untitled design/3.png
1,,,,,,,HKD,,,,/Archive/Untitled design/1.png
. 8,,,,,,,HKD,,,,/Archive/__MACOSX/Untitled design/._8.png
. 9,,,,,,,HKD,,,,/Archive/__MACOSX/Untitled design/._9.png
. 14,,,,,,,HKD,,,,/Archive/__MACOSX/Untitled design/._14.png
. 15,,,,,,,HKD,,,,/Archive/__MACOSX/Untitled design/._15.png
. 17,,,,,,,HKD,,,,/Archive/__MACOSX/Untitled design/._17.png
. 16,,,,,,,HKD,,,,/Archive/__MACOSX/Untitled design/._16.png
. 12,,,,,,,HKD,,,,/Archive/__MACOSX/Untitled design/._12.png
. 13,,,,,,,HKD,,,,/Archive/__MACOSX/Untitled design/._13.png
. 11,,,,,,,HKD,,,,/Archive/__MACOSX/Untitled design/._11.png
. 10,,,,,,,HKD,,,,/Archive/__MACOSX/Untitled design/._10.png
. 18,,,,,,,HKD,,,,/Archive/__MACOSX/Untitled design/._18.png
. 19,,,,,,,HKD,,,,/Archive/__MACOSX/Untitled design/._19.png
. 4,,,,,,,HKD,,,,/Archive/__MACOSX/Untitled design/._4.png
. 5,,,,,,,HKD,,,,/Archive/__MACOSX/Untitled design/._5.png
. 7,,,,,,,HKD,,,,/Archive/__MACOSX/Untitled design/._7.png
. 6,,,,,,,HKD,,,,/Archive/__MACOSX/Untitled design/._6.png
. 2,,,,,,,HKD,,,,/Archive/__MACOSX/Untitled design/._2.png
. 3,,,,,,,HKD,,,,/Archive/__MACOSX/Untitled design/._3.png
. 1,,,,,,,HKD,,,,/Archive/__MACOSX/Untitled design/._1.png
. 4,,,,,,,HKD,,,,/Archive/__MACOSX/Brown and Pink Simple Sale Promo Banner (1)/._4.png
. 2,,,,,,,HKD,,,,/Archive/__MACOSX/Brown and Pink Simple Sale Promo Banner (1)/._2.png
. 3,,,,,,,HKD,,,,/Archive/__MACOSX/Brown and Pink Simple Sale Promo Banner (1)/._3.png
. 1,,,,,,,HKD,,,,/Archive/__MACOSX/Brown and Pink Simple Sale Promo Banner (1)/._1.png
4,,,,,,,HKD,,,,/Archive/Brown and Pink Simple Sale Promo Banner (1)/4.png
2,,,,,,,HKD,,,,/Archive/Brown and Pink Simple Sale Promo Banner (1)/2.png
3,,,,,,,HKD,,,,/Archive/Brown and Pink Simple Sale Promo Banner (1)/3.png
1,,,,,,,HKD,,,,/Archive/Brown and Pink Simple Sale Promo Banner (1)/1.png
